Nama Produk,Harga Produk,Kategori
"Canon Pixma Inkjet Color Printer, High Resolution Fast Speed Printing, No Ink",37298507,Computer-Printers
Canon Printer  (white) - Wireless Inkjet All-In-One Printer  (TS3420) No ink,44761194,Computer-Printers
A4 Portable Mini Wireless Bluetooth Inkless Thermal Printer Tattoo Paper lot,61104478 to 297432836,Computer-Printers
"Canon Pixma MG2522 All-in-One Inkjet Printer, Scanner, Copier. NO INK",47746269,Computer-Printers
Phomemo Mini Pocket Thermal Printer Wireless Bluetooth Photo T02 or Label Paper,13417910 to 50731343,Computer-Printers
"Reset Epson ET2720, ET2800, 2850, 2714,ET2550, Et2700 ET2610,4550,ET4700‚úÖ1Pc‚≠ê‚≠ê‚≠ê",6716418 to 22388060,Computer-Printers
VRETTI Direct Thermal Label Printer Wireless Bluetooth USB Hermes Royal Mail FBA,41812849 to 163560909,Computer-Printers
PTFE Hose PTFE Hose F4 Tube 3D Printer 0.3 1 2 3 4 5 6 8 10 12 13 16mm,2361445 to 209028512,Computer-Printers
Phomemo T02 Mini Printer Portable Printer Thermal Printing Sticker Wireless,16340873 to 55148067,Computer-Printers
Thermal Shipping Postage Label Printer Phomemo PM-246S Desktop 4x6 Office Home,95096649,Computer-Printers
Phomemo Portable Mini Thermal Printer Photo Pocket Photo Printer Phone Wireless,12820896 to 44597015,Computer-Printers
Espon EcoTank Sublimation Printer With Sublimate Paper and Ink Bottles Bundle,441776119,Computer-Printers
Mini Thermal Printer Bt203 Bluetooth Printer for Photos and Labels Portable Prin,11940299 to 40298507,Computer-Printers
MUNBYN Thermal Shipping Label Printer for UPS USPS FedEx eBay Etsy Amazon PayPal,89537313 to 232820896,Computer-Printers
Canon PIXMA TR4720 All-in-One Wireless Printer. Copy. Scan. Fax NO INK,59686567,Computer-Printers
Portable Bluetooth Label Sticker Maker Machine Wireless with Thermal Paper Lot,9850746 to 102970149,Computer-Printers
RESET CANON ST v5204‚úÖ Canon Service tool 5204üî•Unlimited key for 1Pc Emailed‚≠ê‚≠ê‚≠ê‚≠ê,7447761,Computer-Printers
HP LaserJet M140WE Wi-Fi Monochrome Multifunction Laser Printer,210087090,Computer-Printers
Portable Bluetooth 58mm Handheld Pocket iOS /Android POS Thermal Receipt Printer,19388060 to 46238806,Computer-Printers
4x6 Bluetooth Thermal Shipping Label Printer for Small Business Package Mail Lot,25358209 to 204462687,Computer-Printers
Magicard Enduro3E 3633-3021 Dual Sided ID PVC Card Printer Thermal Duplex LOT,83567164 to 2088059701,Computer-Printers
"RESET EPSON XP440, XP257, XP335, XP530,XP540, XP640, XP900, XP960,XP7100+‚úÖOnePc‚≠ê",7447761 to 11716418,Computer-Printers
Mini USB Bluetooth Thermal Label Printer 58mm Wireless POS Receipt Handheld E8E7,38641791,Computer-Printers
"HP Sprocket Portable 2x3"" Instant Photo Printer +30 Pack 2x3 Sticky-Backed Paper",104462687,Computer-Printers
2 Years Guarantee Canon PIXMA TS3355 /TS3350 All-In-One Inkjet Wi-Fi Printer Ink,106130067,Computer-Printers
Pocket Thermal Printer Mini Bluetooth Mobile Phone Label Photo Printing Machine,14320957 to 47989027,Computer-Printers
"RESET CANON ST5510_ TS6020, TS6350, TS8220, G6010, G6080, G5010, IP4910‚úÖ1Pcüî•‚≠ê‚≠ê‚≠ê",10447761,Computer-Printers
cadlink digital factory oki pro,48857463,Computer-Printers
Sublimation printer A4 starter bundle package non oem Epson Wi-FI Dye Sub,351927985,Computer-Printers
A4 Portable Mini Wireless Bluetooth Inkless Thermal Printer Tattoo Paper lot,61776119 to 300701493,Computer-Printers
"Star Micronics TSP 650 II TSP654IIU 39449610 Receipt Printer with USB, 203 dpi",142673507,Computer-Printers
Netum NT-LP110A Desktop Thermal Label Printer - New Open Box Device only,34313433,Computer-Printers
A4 Thermal Printer - ink less printer for phone or bluetooth - black & blue,190212321,Computer-Printers
"HP DeskJet 2720e Multifunction Printer (Printer, Scanner, Copier, Wi-Fi)",70012745,Computer-Printers
M220 Label Maker Bluetooth Sticker Machine Barcode Label Printer or Labels Lot,9701493 to 119388060,Computer-Printers
Canon IVY 2nd Gen Mini Photo Printer - Pure White BRAND NEW,68343284,Computer-Printers
"NEW Epson EcoTank ET-4810 Wireless All-in-One Printer, Great For Sublimation New",371641791,Computer-Printers
Phomemo M220 Bluetooth Label Maker Machine Portable Wireless Thermal Printer Lot,9701493 to 119388060,Computer-Printers
Brother VC-500W Wireless Compact Color Label & Photo Printer - Tested,238805970,Computer-Printers
New Canon Printer pixma mg2520,74626866,Computer-Printers
2 Inch 50*50mm Circle Label for Phomemo M110/M110S/M120/M200/M220 Label Maker,11194030 to 12686567,Computer-Printers
Zebra ZP450 -0502-0004 UPS CTP Label Thermal Printer - BRAND NEW !!!!!!!,372985075,Computer-Printers
Brother HL-L2300D Laser Printer -  NEW OPEN BOX!,141791045,Computer-Printers
Phomemo T02 Mini Thermal Photo Printer Wireless Bluetooth Label Maker Inkless,13417910 to 46253731,Computer-Printers
Portable Mini Thermal Printer Pocket Photo Printer Wireless Bluetooth Printing,13880597 to 53716418,Computer-Printers
4x6 Direct Thermal Shipping Labels Phomemo Perforated Mailing Sticker Paper,26686567,Computer-Printers
sublimation printer package and sublimation design software Non OEM,399485821,Computer-Printers
White Square Sticker Label Self-Adhesive Tag Paper for Phomemo M110/M200 Printer,9701493 to 26686567,Computer-Printers
BROTHER J6530DW MULTIFUNCTION PRINTER SCANNER A3 LOCAL PICKUP PAYMENT BY BIZUM,977067825,Computer-Printers
Brother HL-5350DN Laser Printer Workgroup Printer,309430597,Computer-Printers
600DPI Portable Handheld Inkjet Printer Touch Screen Date/QR Code/Label Printer,242537313,Computer-Printers
New Godex G500u 203dpi Barcode Printer W/ 203dpi direct thermal transfer 4 Inch,506009719,Computer-Printers
PTFE hose √ò 1 1.5 1.6 2 3 4 5 6 7 ~ 20 mm pneumatic for printers 3D meters,2752304 to 80044810,Computer-Printers
A4 Portable Wireless Bluetooth Thermal Printer Tattoo PaperBrother PJ-722 lot,44761194 to 373119403,Computer-Printers
Reset Epson ET2803 ET2805 ET2800 Comp.‚úÖwaste ink pad counter reset- 1Pc email‚≠ê‚≠ê‚≠ê,8731343,Computer-Printers
POLONO Shipping Thermal Label Printer 4X6 OPEN BOX,104462687,Computer-Printers
"RESET EPSON ET2650, ET2600 ‚úÖresetter Et600- ET2650üî•Unlimited use 1Pc, Email‚≠ê‚≠ê‚≠ê",8208955,Computer-Printers
Kodak PD460 Instant Dock Printer 4x6 Prints Bluetooth & 40 Sheet New-Needs work,22388060,Computer-Printers
Epson L8050 EcoTank Compact Photo Printer - Tracking,650955224,Computer-Printers
Phomemo Sticker Paper Thermal Large Size Label for Phomemo M200 M220 Printer,9701493 to 23865672,Computer-Printers
XP-420B DIRECT BARCODE LABEL ROLL THERMAL PRINTER Royal Mail USB ,112712072,Computer-Printers
HP OfficeJet Pro 8620 All-in-one Printer Scanner  New in Open Box,1641791045,Computer-Printers
New Canon Printer pixma mg2520,74626866,Computer-Printers
BROTHER POCKETJET 8 300DPI PJ823 THERMAL PRINTER WITH USB (only printer),731328358,Computer-Printers
"Sublimation Bundle: Epson WF-2010 Printer + non-oem Ink, Cartridges & Paper",340514104,Computer-Printers
"Zebra GK420d Thermal Label Printer with Power Supply USB 4x6"" Labels 782",302467836,Computer-Printers
"Cake Topper Image Printer, Edible Ink Cartridges,50 wafer paper & cleanner",334313433,Computer-Printers
Phomemo Thermal Printer Bluetooth Portable M03 Machine or 80mm Sticker Paper Lot,17895522 to 119388060,Computer-Printers
"RESET CANON ST v5510 Original‚úÖ Canon Service tool 5510_ NO FAKEüî•1Pc, Email‚≠ê‚≠ê‚≠ê‚≠ê‚≠ê",10447761,Computer-Printers
Phomemo P12 Bluetooth Printer Thermal Transfer Label Maker Sticker Machine,15671642 to 43268657,Computer-Printers
"Reset Epson ET2700, ET2750‚úÖwaste ink pad counter reset 100%üî•1Pc key- email‚≠ê‚≠ê‚≠ê‚≠ê‚≠ê",8208955,Computer-Printers
NIIMBOT D11 Label Maker Thermal Print w/Tape Wireless and Rechargeable Green NEW,38611940,Computer-Printers
Phomemo M120 Portable Mini Thermal Label Maker Bluetooth Mobile Printer Wireless,85059701,Computer-Printers
Symcope POS PDA Receipt Printer 58mm Thermal Printer with Android 8.1 new!!!,149253731,Computer-Printers
New Wireless Epson All-in-One Printer Color Copy Scan WiFi Supertank White Label,297014925,Computer-Printers
Phomemo M02 Mini Pocket Printer Wireless Thermal Label Printer Bluetooth Lot,12820896 to 59686567,Computer-Printers
Canon Pixma TS 8350 Inkjet Printer,266323881,Computer-Printers
Cubinote Home - Internet Enabled Sticky Note Printer - GREEN,76092537,Computer-Printers
Zebra ZD888T USB Desktop Thermal Barcode Sticker Label Printer GK888T,436443715,Computer-Printers
"Phomemo M220 Label Printer, Bluetooth Thermal Label Maker Machine MSRP ¬£90",104627239,Computer-Printers
NEW IN BOX BROTHER HL-5370DW DUPLEX WIFI LASER PRINTER,1117910448,Computer-Printers
Epson EcoTank M1120 Mono Ink Tank System Printer Wi-Fi 100V~240V Monochrome Ink ,341522388,Computer-Printers
Transparent Adhesive Clear Paper Thermal Label for Phomemo M110 M200 Printer,10149254 to 25358209,Computer-Printers
Thermal Photos Printer Wireless 20-50 mm Width Sticker Label Maker Portable Lot,9701493 to 99985075,Computer-Printers
Thermal Shipping Label Printer Desktop Thermal Label Printer Machine Sticker USB,106510530,Computer-Printers
HP ENVY PHOTO 7855 Wireless All-in-One Wireless Printer Copier Scanner Fax ‚úÖ‚úÖ‚úÖ‚úÖ‚úÖ,283552239,Computer-Printers
MBrush Handheld Printer Portable Mini Inkjet Color Barcode Printer 1200dpi APP,65306421 to 222570672,Computer-Printers
Ultra Electronics Magicard High PVC Cards Dye Film Cassette PF2 Cleaning Card,161229627,Computer-Printers
Phomemo Thermal Shipping Label Printer 4x6 Barcode Printer LOT,24701493 to 149238806,Computer-Printers
BEEPRT Thermal Label Printer 4x6 USB Bluetooth Windows & Mac Royal Mail 6x4 used,133142918,Computer-Printers
"Reset Epson ET2720, ET2721, ET2726‚úÖWaste ink counter resetterüî•OnePc, email‚≠ê‚≠ê‚≠ê‚≠ê‚≠ê",8208955,Computer-Printers
SMALL MOBILE PRINTER HP OFFICEJET 100 USB BLUETOOTH FOR WINDOWS XP 7 8 10MM,162695351,Computer-Printers
Phomemo Sticker Long-Lasting Thermal Paper 3 rolls Label for T02 Pocket Printer,16402985 to 19388060,Computer-Printers
"Reset Epson L4160, L4150‚úÖwaste ink pad counter reset 100%üåïüîë1Pcüî•emailed‚≠ê‚≠ê‚≠ê‚≠ê‚≠ê ",7238806,Computer-Printers
FUJIFILM INSTAX Link Wide Smartphone Printer + 10 instant Film Bundle NEW/SEALED,134298507,Computer-Printers
MUNBYN Bluetooth/USB 4x6 Thermal Shipping Label Printer for UPS USPS eBay Etsy,89537313 to 253716418,Computer-Printers
